article_header,article_subheader
«Одна из основных проблем — монетарная политика центральных банков»,Олег Богданов — о причинах роста стоимости газа в Европе
«Платина» решила взять ЦБ силой,Ксения Дементьева о методах борьбы банков за возврат лицензий
Банк «Открытие» планирует размещение трехлетних облигаций,Объем нового выпуска серии БО-П09 составит не менее 10 млрд рублей
Пункты плана подготовки Банком России обзора ДКП,Как к нему подготовиться и как пережить
Банк Норвегии первым из крупных западных ЦБ поднял ставку во время пандемии,Чего ожидать инвесторам и вкладчикам от повышения ключевой ставки ЦБ
В ожидании кризиса,Изучаем экономический опыт Поднебесной
Ставки больше есть,
Сбер признан лучшим цифровым банком России для частных и корпоративных клиентов по версии Global Finance,
Китайское искусство биржевой войны,
Клиенты ВТБ в Центральном федеральном округе увеличили спрос на ипотеку на 18%,
В Центрально-Черноземном Сбербанке вакцинировались 84% сотрудников,Заместитель председателя Промсвязьбанка Антон Дроздов — в интервью “Ъ FM”
"«В настоящее время ""зеленое"" финансирование в приоритете»",Насколько вырос объем потребительских займов
Кредитный бум набирает силу,Тенденции
Банковский шопинг,"НБД-Банк увеличил объем выданных кредитов МСБ до 16,4 млрд рублей"
«Мы говорим на одном языке с клиентами»,Почему Центробанк повысил ключевой показатель
Ставку испугали высокие ожидания,Согласны ли аналитики с прогнозами Германа Грефа
Кредитам измерили «температуру»,В Сибири отмечается рост кредитования во всех сегментах бизнеса
ВТБ в Ярославле передал Центральной городской больнице новое оборудование,Финансовые услуги
Кредитование бизнеса: на волнах ключевой ставки,
Страховка под диктовку,
Потребкредиты подводят к лимитам,К каким последствиям могут привести новые рычаги давления на банки
Контрольный выстрел,Лизинг
Суд назначил экспертизу финансового состояния Проинвестбанка,"Ключевая ставка увеличена до 6,75%"
Всемирный банк улучшил прогноз по росту ВВП России в 2021 году,Расследованию деятельности финпирамиды повысили статус
ЦБ замедлил шаг,Основателю Finiko Кириллу Доронину продлили арест
Finiko мирового масштаба,В прогнозе на четвертый квартал датский банк предупредил инвесторов о российских и глобальных рисках
Рост пирамиды ограничили СИЗО,
Saxo Bank пригрозил России стагфляцией,
"Банк «Открытие» прокредитовал проекты «Черкизово» на Алтае и в Черноземье на 10,9 млрд рублей",
"Банк «Открытие» прокредитовал проекты «Черкизово» на Алтае и в Черноземье на 10,9 млрд рублей",
Индикатор Баффета перешел черту,Какие прогнозы можно сделать на основании индекса
В Сочи компанию оштрафовали на 120 тыс. рублей за название «микрокредитная организация»,
Регулятор Гонконга обозначил технические требования для национальной криптовалюты,
Собственник помещений Проинвестбанка через суд взыскивает долг по аренде,
Талибы пообещали объявить состав нового правительства Афганистана,
"«РИА Новости»: талибы назначили глав МИД, МВД и Минобороны",
У пенсионерки в Удмуртии под предлогом возврата вложенных в финансовую пирамиду средств похитили 386 тысяч рублей,
Талибы вновь отложили объявление состава нового правительства Афганистана,
Талибы сформировали временное правительство Афганистана,
На строительство комплекса «Усть-Луга» могут быть направлены средства ФНБ,
ЕЦБ снова сохранил нулевую базовую ставку,Что способствует росту цен на ископаемое топливо
Нефть набирает высоту,Цифры
Рейтинг крупнейших компаний СЗФО по динамике роста,Какие ПИФы принесли доход в сентябре
О чем говорил Нуриэль Рубини на презентации клуба Sphere,Мониторинг мировой экономики
Инвестиции в период охлаждения,
"Осторожно, ставки повышаются",
Главные анонсы 13 октября,
Сбербанк в Черноземье увеличил объем выдачи ипотеки на 42%,
Райффайзенбанк подключил к СБП сеть магазинов Fix Price,
Условия аккредитива в Райффайзенбанке можно сформировать онлайн,
Райффайзенбанк запускает партнерский портал для привлечения новых клиентов,Райффайзенбанк запустил реферальную программу
Райффайзенбанк запускает приложение для корпоративного бизнеса,
Райффайзенбанк предлагает кредитную карту по цене ипотеки,
Райффайзенбанк подключил «Северсталь» к «Транзит 2.0» через API,
1000 рублей себе и другу,
Клиентский опыт как ценность: Райффайзенбанк провел практику гемба,
Райффайзенбанк запустил оплату с подпиской и автоплатежи в СБП для корпоративного бизнеса,
Райффайзенбанк внедрил оплату по QR-коду для партнеров бренда Oriflame,
Райффайзенбанк увеличил максимальный срок кредита,
Райффайзенбанк запускает новый накопительный счет «Выгода»,
Райффайзенбанк автоматизировал оценку залоговых объектов в корпоративном кредитовании,Технологии Machine Learning позволят ускорить выдачу кредитов и сократить рутинные задачи
Клиенты Райффайзенбанка смогут получать чеки по электронным платежам через OFD.ru,По состоянию на 1 июля 2021 года
Райффайзенбанк проведет главную онлайн-конференцию о цифровых решениях для корпоративного бизнеса,"Экономические споры, наиболее важные для российского бизнеса и практики юридических фирм в текущем году"
Директора по общественным и корпоративным связям. Топ-100,
УК «Райффайзен Капитал» запустила БПИФ на индекс S&P 500,
Райффайзенбанк улучшает условия по вкладу «Фиксированный»,
В СБП без комиссий: объем компенсаций малому бизнесу вырос на 63%,
"Райффайзенбанк дает ипотеку под 2,99% на квартиры «Группы ЛСР»",
Рейтинг Банки России,
Споры года,
Братья Ананьевы пошли по кредитной линии,Полиция возбудила в отношении экс-владельцев Промсвязьбанка дело о мошенничестве
Бизнес-лидеры (в алфавитном порядке),Диверсификация бизнеса
Рейтинг крупнейших компаний России по объему реализации продукции в 2020 году — RAEX-600*,ЦБ РФ временно сменил в банке руководство из-за обнаруженных нарушений
Поворот в непрофиль,"Мнения и прогнозы аналитиков о том, как будет вести себя рубль"
«Спутник» признали неэффективным,
В ЦЧБ заключена первая онлайн-сделка купли-продажи вторичной недвижимости через аккредитив Сбера,
Директора по персоналу. Топ-100,
Курс доллара. Прогноз на 9–10 сентября,
Финансовые директора. Топ-100,
Директора по маркетингу. Топ-100,
Директора по развитию. Топ-50,"Мнения и прогнозы аналитиков о том, как будет вести себя рубль"
Курс доллара. Прогноз на 11–15 октября,Интервью с заместителем гендиректора холдинга «Автобан» Денисом Анисимовым
«Эта работа является для нас драйвером финансового развития и дисциплины»,"Признание балтийских суверенитетов, первая сотовая связь, «Монстры рока» в Тушино и все остальное, чем запомнился сентябрь 1991 года"
«Республики просто ушли и не хотят возвращаться в прежнее состояние»,Как крупнейший производитель железнодорожного транспорта участвует в формировании важнейших тенденций на рынке городского рельсового транспорта
«В России удалось сохранить компетенцию в рельсовом транспорте»,Как в Саранске готовятся к политической перезагрузке
Суд подтвердил налоговые нарушения в банкротстве банка «Воронеж»,Принять участие в акции могут клиенты банка
Сбербанк и администрация Курской области намерены развивать сотрудничество,
«Мордва — народ дружный»,
ПСБ и УК Промсвязь запускают акцию «120 000 рублей за инвестиции в ПИФ»,
ЦЧБ предоставил банковские гарантии на сумму свыше 1 млрд рублей крупному белорусскому холдингу,
Финансист вышел из дела,"Бывший зампред правления банка «Пушкино», обвиняемый в хищениях, оправдан судом"
Финансист вышел из дела,Бывший зампред правления банка «Пушкино» оправдан в суде
Финансист вышел из дела,Бывший зампред правления банка «Пушкино» оправдан в суде
Директора по закупкам. Топ-25,Лучшие бизнес-проекты получили награду от «Коммерсантъ-Удмуртия»
Объявлены победители премии «Твердые знаки-2021»,Как прошлогодний кризис сказался на рублевой выручке крупнейших компаний
Таблетка на вырост,Зампред правления Альфа-банка меняет место работы
Банкир загосдумался,"ЦБ предполагает, что рост зарплат компании извлекли из возросшей прибыли"
Сбер во второй раз провел Sbergile Talks,Дмитрия Ананьева вновь заочно арестовали
Инфляцию есть чем оплачивать,
Для банкиров одного розыска мало,
Инвестиции в Казахстан,Неочевидные преимущества фронтирных рынков
Гостиницы Ramada Plaza и «Арт-отель» в Воронеже отказались от попыток оспорить банкротство,«Проект инвест» может лишиться разрешения на строительство воронежского ЖК
К «Алым парусам» пристраивают суд,Сеть «Что делать» возбудила СКР на уголовное дело о склонении к массовым беспорядкам
По роману Чернышевского,Челябинского бизнесмена признали виновным в манипулировании рынком
Набиуллина: интеграция с Белоруссией не предполагает изменения денежно-кредитной политики РФ,Удастся ли властям обеспечить россиян недвижимостью
Трейдера осудили по редкой статье,
"Внешний долг России увеличился на 4,7% за девять месяцев и достиг $489 млрд",
Проблеме с жильем подыщут решение,
Бывшего акционера Промсвязьбанка Алексея Ананьева заочно арестовали,
Сегодняшнее число,
На «Твердые знаки-Удмуртия» заявились больше 40 компаний,Завершился прием заявок для участия в первой бизнес-премии издания «Коммерсантъ-Удмуртия»
Футбольная академия «Динамо» им. Льва Яшина начинает работу при поддержке банка ВТБ в Воронеже,Правительство РФ одобрило выделение 24 млрд рублей Петербургу
Инфраструктура взаймы,"Имущество челябинской фабрики выставили на торги за 204,6 млн рублей"
Чем гордимся,Выигрывать споры юристам помогут отсутствие иллюзий и навык видеть картину в целом
«Краснодеревщик» продают с мебелью,Сбер подарил Липецку фонтан и открыл офис нового формата
Органы ЦБ разошлись в оценке резервов Проинвестбанка,Как создать для коммерческих компаний мотивацию бороться с глобальным потеплением
Дорогу осилит спорящий,
Липецк принимает подарки Сбера,
Математика углекислого газа,
ВТБ: жители ЦФО вдвое увеличили туристические траты за границей в «бархатный сезон»,
"Нью-Йорк, Лондон и Гонконг возглавили рейтинг мировых финансовых центров от Z/Yen Group",Правительство обсуждает очередную схему реформы накопительных пенсий
Береги часть смолоду,ВБ назвал экологичных лидеров постковидного восстановления экономик
Казанский ЦНИИГеолнеруд вошел в состав Росгеологии,Экс-сотрудника ЛУКОЙЛА заключили под домашний арест за махинации на бирже
Устойчивость не потребует компромиссов,Двух бизнесменов задержали для экстрадиции в Россию
Казначея подвел инсайд,С экс-главы Армавирского завода газового оборудования хотят взыскать 1 млрд руб.
Русский день в Черногории,Фондовый рынок
Долг устоял в апелляции,
Инвестиционное торможение,
WSJ: китайское правительство начинает масштабную проверку финансовых компаний,
Сбербанк открыл кредитную линию уральскому застройщику на реконструкцию стадиона,
